id,name,model_id:id,group_id:id,perm_read,perm_write,perm_create,perm_unlink
access_shahtaj_zone_user,shahtaj.zone.user,model_shahtaj_zone,base.group_user,1,1,1,1
access_shahtaj_route_user,shahtaj.route.user,model_shahtaj_route,base.group_user,1,1,1,1
access_shahtaj_weekly_schedule_user,shahtaj.weekly.schedule.user,model_shahtaj_weekly_schedule,base.group_user,1,1,1,1
access_shahtaj_visit_task_user,shahtaj.visit.task.user,model_shahtaj_visit_task,base.group_user,1,1,1,1
access_shahtaj_visit_target_user,shahtaj.visit.target.user,model_shahtaj_visit_target,base.group_user,1,1,1,1
access_shahtaj_visit_target_line_user,shahtaj.visit.target.line.user,model_shahtaj_visit_target_line,base.group_user,1,1,1,1
access_shahtaj_generate_tasks_wizard,shahtaj.generate.tasks.wizard,model_shahtaj_generate_tasks_wizard,base.group_user,1,1,1,1
access_shahtaj_create_order_booker_wizard,shahtaj.create.order.booker.wizard,model_shahtaj_create_order_booker_wizard,base.group_user,1,1,1,1
access_shahtaj_assign_shops_route_wizard_office_ops,shahtaj.assign.shops.route.wizard.office.ops,model_shahtaj_assign_shops_route_wizard,group_shahtaj_office_ops,1,1,1,1
access_shahtaj_assign_shops_route_wizard_user,shahtaj.assign.shops.route.wizard.user,model_shahtaj_assign_shops_route_wizard,base.group_user,1,1,1,1
access_res_partner_shahtaj_office_ops,res.partner.shahtaj.office.ops,base.model_res_partner,group_shahtaj_office_ops,1,1,1,0
access_res_partner_shahtaj_order_booker,res.partner.shahtaj.order.booker,base.model_res_partner,group_shahtaj_order_booker,1,1,1,0
access_shahtaj_zone_office_ops,shahtaj.zone.office.ops,model_shahtaj_zone,group_shahtaj_office_ops,1,1,1,1
access_shahtaj_route_office_ops,shahtaj.route.office.ops,model_shahtaj_route,group_shahtaj_office_ops,1,1,1,1
access_shahtaj_weekly_schedule_office_ops,shahtaj.weekly.schedule.office.ops,model_shahtaj_weekly_schedule,group_shahtaj_office_ops,1,1,1,1
access_shahtaj_visit_task_office_ops,shahtaj.visit.task.office.ops,model_shahtaj_visit_task,group_shahtaj_office_ops,1,1,1,1
access_shahtaj_visit_target_office_ops,shahtaj.visit.target.office.ops,model_shahtaj_visit_target,group_shahtaj_office_ops,1,1,1,1
access_shahtaj_visit_target_line_office_ops,shahtaj.visit.target.line.office.ops,model_shahtaj_visit_target_line,group_shahtaj_office_ops,1,1,1,1
access_shahtaj_zone_order_booker,shahtaj.zone.order.booker,model_shahtaj_zone,group_shahtaj_order_booker,1,0,0,0
access_shahtaj_route_order_booker,shahtaj.route.order.booker,model_shahtaj_route,group_shahtaj_order_booker,1,0,0,0
access_shahtaj_weekly_schedule_order_booker,shahtaj.weekly.schedule.order.booker,model_shahtaj_weekly_schedule,group_shahtaj_order_booker,1,0,0,0
access_shahtaj_visit_task_order_booker,shahtaj.visit.task.order.booker,model_shahtaj_visit_task,group_shahtaj_order_booker,1,1,0,0
access_shahtaj_visit_target_order_booker,shahtaj.visit.target.order.booker,model_shahtaj_visit_target,group_shahtaj_order_booker,1,0,0,0
access_shahtaj_visit_target_line_order_booker,shahtaj.visit.target.line.order.booker,model_shahtaj_visit_target_line,group_shahtaj_order_booker,1,0,0,0
access_shahtaj_visit_user,shahtaj.visit.user,model_shahtaj_visit,base.group_user,1,1,1,1
access_shahtaj_visit_line_user,shahtaj.visit.line.user,model_shahtaj_visit_line,base.group_user,1,1,1,1
access_shahtaj_visit_checkin_wizard,shahtaj.visit.checkin.wizard,model_shahtaj_visit_checkin_wizard,base.group_user,1,1,1,1
access_shahtaj_visit_office_ops,shahtaj.visit.office.ops,model_shahtaj_visit,group_shahtaj_office_ops,1,1,1,1
access_shahtaj_visit_line_office_ops,shahtaj.visit.line.office.ops,model_shahtaj_visit_line,group_shahtaj_office_ops,1,1,1,1
access_shahtaj_visit_order_booker,shahtaj.visit.order.booker,model_shahtaj_visit,group_shahtaj_order_booker,1,1,1,0
access_shahtaj_visit_line_order_booker,shahtaj.visit.line.order.booker,model_shahtaj_visit_line,group_shahtaj_order_booker,1,1,1,1
access_shahtaj_visit_checkin_wizard_booker,shahtaj.visit.checkin.wizard.booker,model_shahtaj_visit_checkin_wizard,group_shahtaj_order_booker,1,1,1,1
access_sale_order_shahtaj_order_booker,sale.order.shahtaj.order.booker,sale.model_sale_order,group_shahtaj_order_booker,1,0,0,0
access_sale_order_line_shahtaj_order_booker,sale.order.line.shahtaj.order.booker,sale.model_sale_order_line,group_shahtaj_order_booker,1,0,0,0
access_shahtaj_add_stock_wizard_office_ops,shahtaj.add.stock.wizard.office.ops,model_shahtaj_add_stock_wizard,group_shahtaj_office_ops,1,1,1,1
access_shahtaj_mark_delivery_wizard_office_ops,shahtaj.mark.delivery.wizard.office.ops,model_shahtaj_mark_delivery_wizard,group_shahtaj_office_ops,1,1,1,1
access_shahtaj_mark_delivery_wizard_line_office_ops,shahtaj.mark.delivery.wizard.line.office.ops,model_shahtaj_mark_delivery_wizard_line,group_shahtaj_office_ops,1,1,1,1
access_shahtaj_mark_delivery_wizard_native,shahtaj.mark.delivery.wizard.native,model_shahtaj_mark_delivery_wizard,group_shahtaj_native_distributor_ui,1,1,1,1
access_shahtaj_mark_delivery_wizard_line_native,shahtaj.mark.delivery.wizard.line.native,model_shahtaj_mark_delivery_wizard_line,group_shahtaj_native_distributor_ui,1,1,1,1
access_sale_order_shahtaj_office_ops,sale.order.shahtaj.office.ops,sale.model_sale_order,group_shahtaj_office_ops,1,1,1,0
access_sale_order_line_shahtaj_office_ops,sale.order.line.shahtaj.office.ops,sale.model_sale_order_line,group_shahtaj_office_ops,1,1,1,0
access_product_template_shahtaj_office_ops,product.template.shahtaj.office.ops,product.model_product_template,group_shahtaj_office_ops,1,0,0,0
access_product_product_shahtaj_office_ops,product.product.shahtaj.office.ops,product.model_product_product,group_shahtaj_office_ops,1,0,0,0
access_stock_quant_shahtaj_office_ops,stock.quant.shahtaj.office.ops,stock.model_stock_quant,group_shahtaj_office_ops,1,0,0,0
access_res_users_shahtaj_office_ops,res.users.shahtaj.office.ops,base.model_res_users,group_shahtaj_office_ops,1,1,0,0
access_shahtaj_quick_add_product_wizard,shahtaj.quick.add.product.wizard,model_shahtaj_quick_add_product_wizard,group_shahtaj_distributor_financial,1,1,1,1
access_shahtaj_accounting_hub_distributor,shahtaj.accounting.hub.distributor,model_shahtaj_accounting_hub,group_shahtaj_distributor_financial,1,1,1,1
access_shahtaj_pnl_dashboard_distributor,shahtaj.pnl.dashboard.distributor,model_shahtaj_pnl_dashboard,group_shahtaj_distributor_financial,1,1,1,1
access_shahtaj_pnl_dashboard_line_distributor,shahtaj.pnl.dashboard.line.distributor,model_shahtaj_pnl_dashboard_line,group_shahtaj_distributor_financial,1,1,1,1
access_shahtaj_trial_balance_distributor,shahtaj.trial.balance.distributor,model_shahtaj_trial_balance,group_shahtaj_distributor_financial,1,1,1,1
access_shahtaj_trial_balance_line_distributor,shahtaj.trial.balance.line.distributor,model_shahtaj_trial_balance_line,group_shahtaj_distributor_financial,1,1,1,1
access_shahtaj_balance_sheet_distributor,shahtaj.balance.sheet.distributor,model_shahtaj_balance_sheet,group_shahtaj_distributor_financial,1,1,1,1
access_shahtaj_balance_sheet_line_distributor,shahtaj.balance.sheet.line.distributor,model_shahtaj_balance_sheet_line,group_shahtaj_distributor_financial,1,1,1,1
access_shahtaj_stock_receipt_distributor,shahtaj.stock.receipt.distributor,model_shahtaj_stock_receipt,group_shahtaj_distributor_financial,1,1,1,0
access_shahtaj_manufacturer_summary_distributor,shahtaj.manufacturer.summary.distributor,model_shahtaj_manufacturer_summary,group_shahtaj_distributor_financial,1,1,1,1
access_shahtaj_manufacturer_summary_line_distributor,shahtaj.manufacturer.summary.line.distributor,model_shahtaj_manufacturer_summary_line,group_shahtaj_distributor_financial,1,1,1,1
access_account_move_shahtaj_distributor,account.move.shahtaj.distributor,account.model_account_move,group_shahtaj_distributor_financial,1,1,1,0
access_account_move_line_shahtaj_distributor,account.move.line.shahtaj.distributor,account.model_account_move_line,group_shahtaj_distributor_financial,1,1,1,1
access_account_journal_shahtaj_distributor,account.journal.shahtaj.distributor,account.model_account_journal,group_shahtaj_distributor_financial,1,1,1,0
access_account_payment_shahtaj_distributor,account.payment.shahtaj.distributor,account.model_account_payment,group_shahtaj_distributor_financial,1,1,1,0
access_account_payment_register_shahtaj_distributor,account.payment.register.shahtaj.distributor,account.model_account_payment_register,group_shahtaj_distributor_financial,1,1,1,0
access_account_partial_reconcile_shahtaj_distributor,account.partial.reconcile.shahtaj.distributor,account.model_account_partial_reconcile,group_shahtaj_distributor_financial,1,1,1,1
access_account_full_reconcile_shahtaj_distributor,account.full.reconcile.shahtaj.distributor,account.model_account_full_reconcile,group_shahtaj_distributor_financial,1,1,1,1
access_account_move_reversal_shahtaj_distributor,account.move.reversal.shahtaj.distributor,account.model_account_move_reversal,group_shahtaj_distributor_financial,1,1,1,0
access_account_payment_method_line_shahtaj_distributor,account.payment.method.line.shahtaj.distributor,account.model_account_payment_method_line,group_shahtaj_distributor_financial,1,1,1,0
access_account_tax_repartition_line_shahtaj_distributor,account.tax.repartition.line.shahtaj.distributor,account.model_account_tax_repartition_line,group_shahtaj_distributor_financial,1,1,1,1
access_sale_advance_payment_inv_shahtaj_distributor,sale.advance.payment.inv.shahtaj.distributor,sale.model_sale_advance_payment_inv,group_shahtaj_distributor_financial,1,1,1,0
access_product_template_shahtaj_distributor_financial,product.template.shahtaj.distributor.financial,product.model_product_template,group_shahtaj_distributor_financial,1,1,1,0
access_product_product_shahtaj_distributor_financial,product.product.shahtaj.distributor.financial,product.model_product_product,group_shahtaj_distributor_financial,1,1,1,0
access_account_tax_shahtaj_distributor,account.tax.shahtaj.distributor,account.model_account_tax,group_shahtaj_distributor_financial,1,1,1,0
access_shahtaj_activity_log_admin,shahtaj.activity.log.admin,model_shahtaj_activity_log,base.group_system,1,0,0,1
access_shahtaj_tax_ledger_distributor,shahtaj.tax.ledger.distributor,model_shahtaj_tax_ledger,group_shahtaj_distributor_financial,1,1,1,1
access_shahtaj_tax_ledger_summary_distributor,shahtaj.tax.ledger.summary.distributor,model_shahtaj_tax_ledger_summary,group_shahtaj_distributor_financial,1,1,1,1
access_shahtaj_tax_ledger_history_distributor,shahtaj.tax.ledger.history.distributor,model_shahtaj_tax_ledger_history,group_shahtaj_distributor_financial,1,1,1,1
access_shahtaj_tax_ledger_user,shahtaj.tax.ledger.user,model_shahtaj_tax_ledger,base.group_user,1,1,1,1
access_shahtaj_tax_ledger_summary_user,shahtaj.tax.ledger.summary.user,model_shahtaj_tax_ledger_summary,base.group_user,1,1,1,1
access_shahtaj_tax_ledger_history_user,shahtaj.tax.ledger.history.user,model_shahtaj_tax_ledger_history,base.group_user,1,1,1,1
access_shahtaj_expense_category_financial,shahtaj.expense.category.financial,model_shahtaj_expense_category,group_shahtaj_distributor_financial,1,1,1,1
access_shahtaj_expense_financial,shahtaj.expense.financial,model_shahtaj_expense,group_shahtaj_distributor_financial,1,1,1,1
access_shahtaj_expense_category_user,shahtaj.expense.category.user,model_shahtaj_expense_category,base.group_user,1,1,1,1
access_shahtaj_expense_user,shahtaj.expense.user,model_shahtaj_expense,base.group_user,1,1,1,1
access_account_account_shahtaj_distributor_financial,account.account.shahtaj.distributor.financial,account.model_account_account,group_shahtaj_distributor_financial,1,0,0,0
access_res_partner_shahtaj_delivery_man,res.partner.shahtaj.delivery.man,base.model_res_partner,group_shahtaj_delivery_man,1,1,1,0
access_sale_order_shahtaj_delivery_man,sale.order.shahtaj.delivery.man,sale.model_sale_order,group_shahtaj_delivery_man,1,0,0,0
access_sale_order_line_shahtaj_delivery_man,sale.order.line.shahtaj.delivery.man,sale.model_sale_order_line,group_shahtaj_delivery_man,1,0,0,0
access_stock_picking_shahtaj_delivery_man,stock.picking.shahtaj.delivery.man,stock.model_stock_picking,group_shahtaj_delivery_man,1,1,0,0
access_stock_move_shahtaj_delivery_man,stock.move.shahtaj.delivery.man,stock.model_stock_move,group_shahtaj_delivery_man,1,1,0,0
access_product_product_shahtaj_delivery_man,product.product.shahtaj.delivery.man,product.model_product_product,group_shahtaj_delivery_man,1,0,0,0
access_product_template_shahtaj_delivery_man,product.template.shahtaj.delivery.man,product.model_product_template,group_shahtaj_delivery_man,1,0,0,0
access_shahtaj_create_delivery_man_wizard,shahtaj.create.delivery.man.wizard,model_shahtaj_create_delivery_man_wizard,base.group_user,1,1,1,1
access_account_move_line_shahtaj_delivery_man,account.move.line.shahtaj.delivery.man,account.model_account_move_line,group_shahtaj_delivery_man,1,0,0,0
access_account_move_shahtaj_delivery_man,account.move.shahtaj.delivery.man,account.model_account_move,group_shahtaj_delivery_man,1,0,0,0
access_uom_uom_shahtaj_delivery_man,uom.uom.shahtaj.delivery.man,uom.model_uom_uom,group_shahtaj_delivery_man,1,0,0,0
access_stock_lot_shahtaj_delivery_man,stock.lot.shahtaj.delivery.man,stock.model_stock_lot,group_shahtaj_delivery_man,1,0,0,0
access_stock_location_shahtaj_delivery_man,stock.location.shahtaj.delivery.man,stock.model_stock_location,group_shahtaj_delivery_man,1,0,0,0
access_stock_warehouse_shahtaj_delivery_man,stock.warehouse.shahtaj.delivery.man,stock.model_stock_warehouse,group_shahtaj_delivery_man,1,0,0,0
access_shahtaj_dm_delivery_delivery_man,shahtaj.dm.delivery.delivery.man,model_shahtaj_dm_delivery,group_shahtaj_delivery_man,1,1,0,0
access_shahtaj_dm_delivery_line_delivery_man,shahtaj.dm.delivery.line.delivery.man,model_shahtaj_dm_delivery_line,group_shahtaj_delivery_man,1,1,0,0
access_shahtaj_dm_delivery_office_ops,shahtaj.dm.delivery.office.ops,model_shahtaj_dm_delivery,group_shahtaj_office_ops,1,1,1,1
access_shahtaj_dm_delivery_line_office_ops,shahtaj.dm.delivery.line.office.ops,model_shahtaj_dm_delivery_line,group_shahtaj_office_ops,1,1,1,1
access_shahtaj_dm_pick_wizard_dm,shahtaj.dm.pick.wizard.delivery.man,model_shahtaj_dm_pick_wizard,group_shahtaj_delivery_man,1,1,1,1
access_shahtaj_dm_pick_wizard_line_dm,shahtaj.dm.pick.wizard.line.delivery.man,model_shahtaj_dm_pick_wizard_line,group_shahtaj_delivery_man,1,1,1,1
access_shahtaj_dm_deliver_wizard_dm,shahtaj.dm.deliver.wizard.delivery.man,model_shahtaj_dm_deliver_wizard,group_shahtaj_delivery_man,1,1,1,1
access_shahtaj_dm_deliver_wizard_line_dm,shahtaj.dm.deliver.wizard.line.delivery.man,model_shahtaj_dm_deliver_wizard_line,group_shahtaj_delivery_man,1,1,1,1
access_shahtaj_dm_pick_wizard_office_ops,shahtaj.dm.pick.wizard.office.ops,model_shahtaj_dm_pick_wizard,group_shahtaj_office_ops,1,1,1,1
access_shahtaj_dm_pick_wizard_line_office_ops,shahtaj.dm.pick.wizard.line.office.ops,model_shahtaj_dm_pick_wizard_line,group_shahtaj_office_ops,1,1,1,1
access_shahtaj_dm_deliver_wizard_office_ops,shahtaj.dm.deliver.wizard.office.ops,model_shahtaj_dm_deliver_wizard,group_shahtaj_office_ops,1,1,1,1
access_shahtaj_dm_deliver_wizard_line_office_ops,shahtaj.dm.deliver.wizard.line.office.ops,model_shahtaj_dm_deliver_wizard_line,group_shahtaj_office_ops,1,1,1,1
access_shahtaj_dm_today_load_dm,shahtaj.dm.today.load.delivery.man,model_shahtaj_dm_today_load,group_shahtaj_delivery_man,1,1,1,1
access_shahtaj_dm_today_load_shop_dm,shahtaj.dm.today.load.shop.delivery.man,model_shahtaj_dm_today_load_shop,group_shahtaj_delivery_man,1,1,1,1
access_shahtaj_dm_today_load_pick_dm,shahtaj.dm.today.load.pick.delivery.man,model_shahtaj_dm_today_load_pick,group_shahtaj_delivery_man,1,1,1,1
access_shahtaj_dm_today_load_office_ops,shahtaj.dm.today.load.office.ops,model_shahtaj_dm_today_load,group_shahtaj_office_ops,1,1,1,1
access_shahtaj_dm_today_load_shop_office_ops,shahtaj.dm.today.load.shop.office.ops,model_shahtaj_dm_today_load_shop,group_shahtaj_office_ops,1,1,1,1
access_shahtaj_dm_today_load_pick_office_ops,shahtaj.dm.today.load.pick.office.ops,model_shahtaj_dm_today_load_pick,group_shahtaj_office_ops,1,1,1,1
access_shahtaj_dm_van_transfer_dm,shahtaj.dm.van.transfer.delivery.man,model_shahtaj_dm_van_transfer,group_shahtaj_delivery_man,1,1,1,1
access_shahtaj_dm_van_transfer_line_dm,shahtaj.dm.van.transfer.line.delivery.man,model_shahtaj_dm_van_transfer_line,group_shahtaj_delivery_man,1,1,1,1
access_shahtaj_dm_van_transfer_office_ops,shahtaj.dm.van.transfer.office.ops,model_shahtaj_dm_van_transfer,group_shahtaj_office_ops,1,1,1,1
access_shahtaj_dm_van_transfer_line_office_ops,shahtaj.dm.van.transfer.line.office.ops,model_shahtaj_dm_van_transfer_line,group_shahtaj_office_ops,1,1,1,1
access_shahtaj_dm_van_transfer_native,shahtaj.dm.van.transfer.native,model_shahtaj_dm_van_transfer,group_shahtaj_native_distributor_ui,1,1,1,1
access_shahtaj_dm_van_transfer_line_native,shahtaj.dm.van.transfer.line.native,model_shahtaj_dm_van_transfer_line,group_shahtaj_native_distributor_ui,1,1,1,1
access_shahtaj_dm_assign_wizard_office_ops,shahtaj.dm.assign.wizard.office.ops,model_shahtaj_dm_assign_wizard,group_shahtaj_office_ops,1,1,1,1
access_shahtaj_dm_assign_wizard_native,shahtaj.dm.assign.wizard.native,model_shahtaj_dm_assign_wizard,group_shahtaj_native_distributor_ui,1,1,1,1
access_shahtaj_dm_assign_wizard_job_office_ops,shahtaj.dm.assign.wizard.job.office.ops,model_shahtaj_dm_assign_wizard_job,group_shahtaj_office_ops,1,1,1,1
access_shahtaj_dm_assign_wizard_job_native,shahtaj.dm.assign.wizard.job.native,model_shahtaj_dm_assign_wizard_job,group_shahtaj_native_distributor_ui,1,1,1,1
access_shahtaj_dm_assign_wizard_line_office_ops,shahtaj.dm.assign.wizard.line.office.ops,model_shahtaj_dm_assign_wizard_line,group_shahtaj_office_ops,1,1,1,1
access_shahtaj_dm_assign_wizard_line_native,shahtaj.dm.assign.wizard.line.native,model_shahtaj_dm_assign_wizard_line,group_shahtaj_native_distributor_ui,1,1,1,1
access_stock_picking_type_shahtaj_delivery_man,stock.picking.type.shahtaj.delivery.man,stock.model_stock_picking_type,group_shahtaj_delivery_man,1,0,0,0
access_stock_quant_shahtaj_delivery_man,stock.quant.shahtaj.delivery.man,stock.model_stock_quant,group_shahtaj_delivery_man,1,0,0,0
access_product_supplierinfo_office_ops,product.supplierinfo.office.ops,product.model_product_supplierinfo,group_shahtaj_office_ops,1,1,1,1
access_shahtaj_order_reject_wizard_office_ops,shahtaj.order.reject.wizard.office.ops,model_shahtaj_order_reject_wizard,group_shahtaj_office_ops,1,1,1,1
access_shahtaj_order_reject_wizard_native,shahtaj.order.reject.wizard.native,model_shahtaj_order_reject_wizard,group_shahtaj_native_distributor_ui,1,1,1,1
access_shahtaj_credit_override_wizard_office_ops,shahtaj.credit.override.wizard.office.ops,model_shahtaj_credit_override_wizard,group_shahtaj_office_ops,1,1,1,1
access_shahtaj_credit_override_wizard_native,shahtaj.credit.override.wizard.native,model_shahtaj_credit_override_wizard,group_shahtaj_native_distributor_ui,1,1,1,1
access_shahtaj_orders_hub_office_ops,shahtaj.orders.hub.office.ops,model_shahtaj_orders_hub,group_shahtaj_office_ops,1,1,1,1
access_shahtaj_orders_hub_native,shahtaj.orders.hub.native,model_shahtaj_orders_hub,group_shahtaj_native_distributor_ui,1,1,1,1
access_shahtaj_orders_hub_user,shahtaj.orders.hub.user,model_shahtaj_orders_hub,base.group_user,1,1,1,1
access_shahtaj_order_booker_hub_office_ops,shahtaj.order.booker.hub.office.ops,model_shahtaj_order_booker_hub,group_shahtaj_office_ops,1,1,1,1
access_shahtaj_order_booker_hub_native,shahtaj.order.booker.hub.native,model_shahtaj_order_booker_hub,group_shahtaj_native_distributor_ui,1,1,1,1
access_shahtaj_order_booker_hub_user,shahtaj.order.booker.hub.user,model_shahtaj_order_booker_hub,base.group_user,1,1,1,1
access_shahtaj_delivery_man_hub_office_ops,shahtaj.delivery.man.hub.office.ops,model_shahtaj_delivery_man_hub,group_shahtaj_office_ops,1,1,1,1
access_shahtaj_delivery_man_hub_native,shahtaj.delivery.man.hub.native,model_shahtaj_delivery_man_hub,group_shahtaj_native_distributor_ui,1,1,1,1
access_shahtaj_delivery_man_hub_user,shahtaj.delivery.man.hub.user,model_shahtaj_delivery_man_hub,base.group_user,1,1,1,1
access_shahtaj_gps_attempt_office_ops,shahtaj.gps.attempt.office.ops,model_shahtaj_gps_attempt,group_shahtaj_office_ops,1,0,0,0
access_shahtaj_gps_attempt_native,shahtaj.gps.attempt.native,model_shahtaj_gps_attempt,group_shahtaj_native_distributor_ui,1,0,0,0
access_shahtaj_gps_attempt_booker,shahtaj.gps.attempt.order.booker,model_shahtaj_gps_attempt,group_shahtaj_order_booker,1,0,0,0
access_shahtaj_gps_attempt_dm,shahtaj.gps.attempt.delivery.man,model_shahtaj_gps_attempt,group_shahtaj_delivery_man,1,0,0,0
access_shahtaj_dm_day_session_dm,shahtaj.dm.day.session.delivery.man,model_shahtaj_dm_day_session,group_shahtaj_delivery_man,1,1,1,1
access_shahtaj_dm_day_session_office_ops,shahtaj.dm.day.session.office.ops,model_shahtaj_dm_day_session,group_shahtaj_office_ops,1,1,1,1
access_shahtaj_dm_day_session_native,shahtaj.dm.day.session.native,model_shahtaj_dm_day_session,group_shahtaj_native_distributor_ui,1,1,1,1
access_shahtaj_dm_collect_payment_dm,shahtaj.dm.collect.payment.dm,model_shahtaj_dm_collect_payment,group_shahtaj_delivery_man,1,1,1,1
access_shahtaj_dm_collect_payment_office_ops,shahtaj.dm.collect.payment.office.ops,model_shahtaj_dm_collect_payment,group_shahtaj_office_ops,1,1,1,1
access_shahtaj_dm_collect_payment_native,shahtaj.dm.collect.payment.native,model_shahtaj_dm_collect_payment,group_shahtaj_native_distributor_ui,1,1,1,1
access_shahtaj_dm_collect_payment_line_dm,shahtaj.dm.collect.payment.line.dm,model_shahtaj_dm_collect_payment_line,group_shahtaj_delivery_man,1,1,1,1
access_shahtaj_dm_collect_payment_line_office_ops,shahtaj.dm.collect.payment.line.office.ops,model_shahtaj_dm_collect_payment_line,group_shahtaj_office_ops,1,1,1,1
access_shahtaj_dm_collect_payment_line_native,shahtaj.dm.collect.payment.line.native,model_shahtaj_dm_collect_payment_line,group_shahtaj_native_distributor_ui,1,1,1,1
access_shahtaj_dm_collect_payment_paid_line_dm,shahtaj.dm.collect.payment.paid.line.dm,model_shahtaj_dm_collect_payment_paid_line,group_shahtaj_delivery_man,1,1,1,1
access_shahtaj_dm_collect_payment_paid_line_office_ops,shahtaj.dm.collect.payment.paid.line.office.ops,model_shahtaj_dm_collect_payment_paid_line,group_shahtaj_office_ops,1,1,1,1
access_shahtaj_dm_collect_payment_paid_line_native,shahtaj.dm.collect.payment.paid.line.native,model_shahtaj_dm_collect_payment_paid_line,group_shahtaj_native_distributor_ui,1,1,1,1
access_shahtaj_dm_walk_in_dm,shahtaj.dm.walk.in.dm,model_shahtaj_dm_walk_in,group_shahtaj_delivery_man,1,1,1,1
access_shahtaj_dm_walk_in_office_ops,shahtaj.dm.walk.in.office.ops,model_shahtaj_dm_walk_in,group_shahtaj_office_ops,1,1,1,1
access_shahtaj_dm_walk_in_native,shahtaj.dm.walk.in.native,model_shahtaj_dm_walk_in,group_shahtaj_native_distributor_ui,1,1,1,1
access_shahtaj_dm_walk_in_line_dm,shahtaj.dm.walk.in.line.dm,model_shahtaj_dm_walk_in_line,group_shahtaj_delivery_man,1,1,1,1
access_shahtaj_dm_walk_in_line_office_ops,shahtaj.dm.walk.in.line.office.ops,model_shahtaj_dm_walk_in_line,group_shahtaj_office_ops,1,1,1,1
access_shahtaj_dm_walk_in_line_native,shahtaj.dm.walk.in.line.native,model_shahtaj_dm_walk_in_line,group_shahtaj_native_distributor_ui,1,1,1,1
access_shahtaj_dm_wallet_settle_office_ops,shahtaj.dm.wallet.settle.office.ops,model_shahtaj_dm_wallet_settle,group_shahtaj_office_ops,1,1,1,1
access_shahtaj_dm_wallet_settle_native,shahtaj.dm.wallet.settle.native,model_shahtaj_dm_wallet_settle,group_shahtaj_native_distributor_ui,1,1,1,1
access_shahtaj_dm_wallet_settlement_office_ops,shahtaj.dm.wallet.settlement.office.ops,model_shahtaj_dm_wallet_settlement,group_shahtaj_office_ops,1,1,0,0
access_shahtaj_dm_wallet_settlement_native,shahtaj.dm.wallet.settlement.native,model_shahtaj_dm_wallet_settlement,group_shahtaj_native_distributor_ui,1,1,0,0
access_shahtaj_dm_wallet_settlement_dm,shahtaj.dm.wallet.settlement.dm,model_shahtaj_dm_wallet_settlement,group_shahtaj_delivery_man,1,0,0,0
access_account_payment_register_shahtaj_dm,account.payment.register.shahtaj.dm,account.model_account_payment_register,group_shahtaj_delivery_man,1,1,1,1
access_account_payment_shahtaj_dm,account.payment.shahtaj.dm,account.model_account_payment,group_shahtaj_delivery_man,1,0,0,0
access_account_journal_shahtaj_dm,account.journal.shahtaj.dm,account.model_account_journal,group_shahtaj_delivery_man,1,0,0,0
access_account_payment_method_line_shahtaj_dm,account.payment.method.line.shahtaj.dm,account.model_account_payment_method_line,group_shahtaj_delivery_man,1,0,0,0
access_account_bank_statement_line_shahtaj_dm,account.bank.statement.line.shahtaj.dm,account.model_account_bank_statement_line,group_shahtaj_delivery_man,1,0,0,0
access_shahtaj_visit_day_progress_office_ops,shahtaj.visit.day.progress.office.ops,model_shahtaj_visit_day_progress,group_shahtaj_office_ops,1,1,1,1
access_shahtaj_visit_day_progress_native,shahtaj.visit.day.progress.native,model_shahtaj_visit_day_progress,group_shahtaj_native_distributor_ui,1,1,1,1
access_shahtaj_visit_day_progress_line_office_ops,shahtaj.visit.day.progress.line.office.ops,model_shahtaj_visit_day_progress_line,group_shahtaj_office_ops,1,1,1,1
access_shahtaj_visit_day_progress_line_native,shahtaj.visit.day.progress.line.native,model_shahtaj_visit_day_progress_line,group_shahtaj_native_distributor_ui,1,1,1,1
access_shahtaj_field_report_tag_ob,shahtaj.field.report.tag.ob,model_shahtaj_field_report_tag,group_shahtaj_order_booker,1,0,0,0
access_shahtaj_field_report_tag_dm,shahtaj.field.report.tag.dm,model_shahtaj_field_report_tag,group_shahtaj_delivery_man,1,0,0,0
access_shahtaj_field_report_tag_office_ops,shahtaj.field.report.tag.office.ops,model_shahtaj_field_report_tag,group_shahtaj_office_ops,1,1,1,1
access_shahtaj_field_report_tag_native,shahtaj.field.report.tag.native,model_shahtaj_field_report_tag,group_shahtaj_native_distributor_ui,1,1,1,1
access_shahtaj_field_report_ob,shahtaj.field.report.ob,model_shahtaj_field_report,group_shahtaj_order_booker,1,1,1,0
access_shahtaj_field_report_dm,shahtaj.field.report.dm,model_shahtaj_field_report,group_shahtaj_delivery_man,1,1,1,0
access_shahtaj_field_report_office_ops,shahtaj.field.report.office.ops,model_shahtaj_field_report,group_shahtaj_office_ops,1,1,1,1
access_shahtaj_field_report_native,shahtaj.field.report.native,model_shahtaj_field_report,group_shahtaj_native_distributor_ui,1,1,1,1
access_res_partner_shahtaj_manager,res.partner.shahtaj.manager,base.model_res_partner,group_shahtaj_manager,1,1,1,0
access_shahtaj_zone_manager,shahtaj.zone.manager,model_shahtaj_zone,group_shahtaj_manager,1,1,1,1
access_shahtaj_route_manager,shahtaj.route.manager,model_shahtaj_route,group_shahtaj_manager,1,1,1,1
access_shahtaj_weekly_schedule_manager,shahtaj.weekly.schedule.manager,model_shahtaj_weekly_schedule,group_shahtaj_manager,1,1,1,1
access_shahtaj_visit_task_manager,shahtaj.visit.task.manager,model_shahtaj_visit_task,group_shahtaj_manager,1,1,1,1
access_shahtaj_visit_target_manager,shahtaj.visit.target.manager,model_shahtaj_visit_target,group_shahtaj_manager,1,1,1,1
access_shahtaj_visit_target_line_manager,shahtaj.visit.target.line.manager,model_shahtaj_visit_target_line,group_shahtaj_manager,1,1,1,1
access_shahtaj_visit_manager,shahtaj.visit.manager,model_shahtaj_visit,group_shahtaj_manager,1,1,1,1
access_shahtaj_visit_line_manager,shahtaj.visit.line.manager,model_shahtaj_visit_line,group_shahtaj_manager,1,1,1,1
access_sale_order_shahtaj_manager,sale.order.shahtaj.manager,sale.model_sale_order,group_shahtaj_manager,1,1,1,0
access_sale_order_line_shahtaj_manager,sale.order.line.shahtaj.manager,sale.model_sale_order_line,group_shahtaj_manager,1,1,1,0
access_product_template_shahtaj_manager,product.template.shahtaj.manager,product.model_product_template,group_shahtaj_manager,1,0,0,0
access_product_product_shahtaj_manager,product.product.shahtaj.manager,product.model_product_product,group_shahtaj_manager,1,0,0,0
access_res_users_shahtaj_manager,res.users.shahtaj.manager,base.model_res_users,group_shahtaj_manager,1,0,0,0
access_shahtaj_order_reject_wizard_manager,shahtaj.order.reject.wizard.manager,model_shahtaj_order_reject_wizard,group_shahtaj_manager,1,1,1,1
access_shahtaj_credit_override_wizard_manager,shahtaj.credit.override.wizard.manager,model_shahtaj_credit_override_wizard,group_shahtaj_manager,1,1,1,1
access_shahtaj_orders_hub_manager,shahtaj.orders.hub.manager,model_shahtaj_orders_hub,group_shahtaj_manager,1,1,1,1
access_shahtaj_order_booker_hub_manager,shahtaj.order.booker.hub.manager,model_shahtaj_order_booker_hub,group_shahtaj_manager,1,1,1,1
access_shahtaj_gps_attempt_manager,shahtaj.gps.attempt.manager,model_shahtaj_gps_attempt,group_shahtaj_manager,1,0,0,0
access_shahtaj_visit_day_progress_manager,shahtaj.visit.day.progress.manager,model_shahtaj_visit_day_progress,group_shahtaj_manager,1,1,1,1
access_shahtaj_visit_day_progress_line_manager,shahtaj.visit.day.progress.line.manager,model_shahtaj_visit_day_progress_line,group_shahtaj_manager,1,1,1,1
access_shahtaj_field_report_tag_manager,shahtaj.field.report.tag.manager,model_shahtaj_field_report_tag,group_shahtaj_manager,1,1,1,0
access_shahtaj_field_report_manager,shahtaj.field.report.manager,model_shahtaj_field_report,group_shahtaj_manager,1,1,1,0
access_shahtaj_assign_shops_route_wizard_manager,shahtaj.assign.shops.route.wizard.manager,model_shahtaj_assign_shops_route_wizard,group_shahtaj_manager,1,1,1,1
access_shahtaj_generate_tasks_wizard_manager,shahtaj.generate.tasks.wizard.manager,model_shahtaj_generate_tasks_wizard,group_shahtaj_manager,1,1,1,1
access_sale_order_shahtaj_kpo_acl,sale.order.shahtaj.kpo.acl,sale.model_sale_order,group_shahtaj_kpo_acl,1,0,0,0
access_sale_order_line_shahtaj_kpo_acl,sale.order.line.shahtaj.kpo.acl,sale.model_sale_order_line,group_shahtaj_kpo_acl,1,0,0,0
access_res_partner_shahtaj_kpo_acl,res.partner.shahtaj.kpo.acl,base.model_res_partner,group_shahtaj_kpo_acl,1,0,0,0
access_product_template_shahtaj_kpo_acl,product.template.shahtaj.kpo.acl,product.model_product_template,group_shahtaj_kpo_acl,1,0,0,0
access_product_product_shahtaj_kpo_acl,product.product.shahtaj.kpo.acl,product.model_product_product,group_shahtaj_kpo_acl,1,0,0,0
access_res_users_shahtaj_kpo_acl,res.users.shahtaj.kpo.acl,base.model_res_users,group_shahtaj_kpo_acl,1,0,0,0
access_account_move_shahtaj_kpo_acl,account.move.shahtaj.kpo.acl,account.model_account_move,group_shahtaj_kpo_acl,1,0,0,0
access_account_move_line_shahtaj_kpo_acl,account.move.line.shahtaj.kpo.acl,account.model_account_move_line,group_shahtaj_kpo_acl,1,0,0,0
access_account_payment_shahtaj_kpo_acl,account.payment.shahtaj.kpo.acl,account.model_account_payment,group_shahtaj_kpo_acl,1,0,0,0
access_account_journal_shahtaj_kpo_acl,account.journal.shahtaj.kpo.acl,account.model_account_journal,group_shahtaj_kpo_acl,1,0,0,0
access_account_account_shahtaj_kpo_acl,account.account.shahtaj.kpo.acl,account.model_account_account,group_shahtaj_kpo_acl,1,0,0,0
access_account_payment_method_line_shahtaj_kpo_acl,account.payment.method.line.shahtaj.kpo.acl,account.model_account_payment_method_line,group_shahtaj_kpo_acl,1,0,0,0
access_account_tax_shahtaj_kpo_acl,account.tax.shahtaj.kpo.acl,account.model_account_tax,group_shahtaj_kpo_acl,1,0,0,0
access_account_tax_repartition_line_shahtaj_kpo_acl,account.tax.repartition.line.shahtaj.kpo.acl,account.model_account_tax_repartition_line,group_shahtaj_kpo_acl,1,0,0,0
access_account_partial_reconcile_shahtaj_kpo_acl,account.partial.reconcile.shahtaj.kpo.acl,account.model_account_partial_reconcile,group_shahtaj_kpo_acl,1,0,0,0
access_account_full_reconcile_shahtaj_kpo_acl,account.full.reconcile.shahtaj.kpo.acl,account.model_account_full_reconcile,group_shahtaj_kpo_acl,1,0,0,0
access_shahtaj_dm_wallet_settle_kpo_acl,shahtaj.dm.wallet.settle.kpo.acl,model_shahtaj_dm_wallet_settle,group_shahtaj_kpo_acl,1,1,1,1
access_shahtaj_dm_wallet_settlement_kpo_acl,shahtaj.dm.wallet.settlement.kpo.acl,model_shahtaj_dm_wallet_settlement,group_shahtaj_kpo_acl,1,0,0,0
access_shahtaj_dm_collect_payment_kpo_acl,shahtaj.dm.collect.payment.kpo.acl,model_shahtaj_dm_collect_payment,group_shahtaj_kpo_acl,1,0,0,0
access_shahtaj_dm_collect_payment_line_kpo_acl,shahtaj.dm.collect.payment.line.kpo.acl,model_shahtaj_dm_collect_payment_line,group_shahtaj_kpo_acl,1,0,0,0
access_shahtaj_dm_collect_payment_paid_line_kpo_acl,shahtaj.dm.collect.payment.paid.line.kpo.acl,model_shahtaj_dm_collect_payment_paid_line,group_shahtaj_kpo_acl,1,0,0,0
access_shahtaj_accounting_hub_kpo_acl,shahtaj.accounting.hub.kpo.acl,model_shahtaj_accounting_hub,group_shahtaj_kpo_acl,1,1,1,1
access_uom_uom_shahtaj_kpo_acl,uom.uom.shahtaj.kpo.acl,uom.model_uom_uom,group_shahtaj_kpo_acl,1,0,0,0
access_shahtaj_dm_delivery_kpo_acl,shahtaj.dm.delivery.kpo.acl,model_shahtaj_dm_delivery,group_shahtaj_kpo_acl,1,0,0,0
access_shahtaj_dm_delivery_line_kpo_acl,shahtaj.dm.delivery.line.kpo.acl,model_shahtaj_dm_delivery_line,group_shahtaj_kpo_acl,1,0,0,0
access_account_bank_statement_line_kpo_acl,account.bank.statement.line.kpo.acl,account.model_account_bank_statement_line,group_shahtaj_kpo_acl,1,0,0,0
access_account_payment_method_kpo_acl,account.payment.method.kpo.acl,account.model_account_payment_method,group_shahtaj_kpo_acl,1,0,0,0
access_product_pricelist_kpo_acl,product.pricelist.kpo.acl,product.model_product_pricelist,group_shahtaj_kpo_acl,1,0,0,0
access_account_payment_term_kpo_acl,account.payment.term.kpo.acl,account.model_account_payment_term,group_shahtaj_kpo_acl,1,0,0,0
access_crm_team_kpo_acl,crm.team.kpo.acl,sales_team.model_crm_team,group_shahtaj_kpo_acl,1,0,0,0
access_stock_warehouse_kpo_acl,stock.warehouse.kpo.acl,stock.model_stock_warehouse,group_shahtaj_kpo_acl,1,0,0,0
access_stock_picking_kpo_acl,stock.picking.kpo.acl,stock.model_stock_picking,group_shahtaj_kpo_acl,1,0,0,0
access_stock_move_kpo_acl,stock.move.kpo.acl,stock.model_stock_move,group_shahtaj_kpo_acl,1,0,0,0
access_stock_location_kpo_acl,stock.location.kpo.acl,stock.model_stock_location,group_shahtaj_kpo_acl,1,0,0,0
access_stock_picking_type_kpo_acl,stock.picking.type.kpo.acl,stock.model_stock_picking_type,group_shahtaj_kpo_acl,1,0,0,0

access_sale_order_shahtaj_warehouse_acl,sale.order.shahtaj.warehouse.acl,sale.model_sale_order,group_shahtaj_warehouse_acl,1,1,0,0
access_sale_order_line_shahtaj_warehouse_acl,sale.order.line.shahtaj.warehouse.acl,sale.model_sale_order_line,group_shahtaj_warehouse_acl,1,1,0,0
access_res_partner_shahtaj_warehouse_acl,res.partner.shahtaj.warehouse.acl,base.model_res_partner,group_shahtaj_warehouse_acl,1,0,0,0
access_product_template_shahtaj_warehouse_acl,product.template.shahtaj.warehouse.acl,product.model_product_template,group_shahtaj_warehouse_acl,1,0,0,0
access_product_product_shahtaj_warehouse_acl,product.product.shahtaj.warehouse.acl,product.model_product_product,group_shahtaj_warehouse_acl,1,0,0,0
access_res_users_shahtaj_warehouse_acl,res.users.shahtaj.warehouse.acl,base.model_res_users,group_shahtaj_warehouse_acl,1,0,0,0
access_uom_uom_shahtaj_warehouse_acl,uom.uom.shahtaj.warehouse.acl,uom.model_uom_uom,group_shahtaj_warehouse_acl,1,0,0,0
access_shahtaj_dm_delivery_warehouse_acl,shahtaj.dm.delivery.warehouse.acl,model_shahtaj_dm_delivery,group_shahtaj_warehouse_acl,1,1,1,0
access_shahtaj_dm_delivery_line_warehouse_acl,shahtaj.dm.delivery.line.warehouse.acl,model_shahtaj_dm_delivery_line,group_shahtaj_warehouse_acl,1,1,1,0
access_shahtaj_dm_today_load_warehouse_acl,shahtaj.dm.today.load.warehouse.acl,model_shahtaj_dm_today_load,group_shahtaj_warehouse_acl,1,1,1,1
access_shahtaj_dm_today_load_shop_warehouse_acl,shahtaj.dm.today.load.shop.warehouse.acl,model_shahtaj_dm_today_load_shop,group_shahtaj_warehouse_acl,1,1,1,1
access_shahtaj_dm_today_load_pick_warehouse_acl,shahtaj.dm.today.load.pick.warehouse.acl,model_shahtaj_dm_today_load_pick,group_shahtaj_warehouse_acl,1,1,1,1
access_shahtaj_dm_van_transfer_warehouse_acl,shahtaj.dm.van.transfer.warehouse.acl,model_shahtaj_dm_van_transfer,group_shahtaj_warehouse_acl,1,1,1,1
access_shahtaj_dm_van_transfer_line_warehouse_acl,shahtaj.dm.van.transfer.line.warehouse.acl,model_shahtaj_dm_van_transfer_line,group_shahtaj_warehouse_acl,1,1,1,1
access_stock_quant_shahtaj_warehouse_acl,stock.quant.shahtaj.warehouse.acl,stock.model_stock_quant,group_shahtaj_warehouse_acl,1,0,0,0
access_stock_warehouse_warehouse_acl,stock.warehouse.warehouse.acl,stock.model_stock_warehouse,group_shahtaj_warehouse_acl,1,0,0,0
access_stock_picking_warehouse_acl,stock.picking.warehouse.acl,stock.model_stock_picking,group_shahtaj_warehouse_acl,1,1,1,0
access_stock_move_warehouse_acl,stock.move.warehouse.acl,stock.model_stock_move,group_shahtaj_warehouse_acl,1,1,1,0
access_stock_move_line_warehouse_acl,stock.move.line.warehouse.acl,stock.model_stock_move_line,group_shahtaj_warehouse_acl,1,1,1,0
access_stock_location_warehouse_acl,stock.location.warehouse.acl,stock.model_stock_location,group_shahtaj_warehouse_acl,1,0,0,0
access_stock_picking_type_warehouse_acl,stock.picking.type.warehouse.acl,stock.model_stock_picking_type,group_shahtaj_warehouse_acl,1,0,0,0
access_stock_lot_warehouse_acl,stock.lot.warehouse.acl,stock.model_stock_lot,group_shahtaj_warehouse_acl,1,0,0,0
access_shahtaj_dm_assign_wizard_warehouse_acl,shahtaj.dm.assign.wizard.warehouse.acl,model_shahtaj_dm_assign_wizard,group_shahtaj_warehouse_acl,1,1,1,1
access_shahtaj_dm_assign_wizard_job_warehouse_acl,shahtaj.dm.assign.wizard.job.warehouse.acl,model_shahtaj_dm_assign_wizard_job,group_shahtaj_warehouse_acl,1,1,1,1
access_shahtaj_dm_assign_wizard_line_warehouse_acl,shahtaj.dm.assign.wizard.line.warehouse.acl,model_shahtaj_dm_assign_wizard_line,group_shahtaj_warehouse_acl,1,1,1,1
access_shahtaj_mark_delivery_wizard_warehouse_acl,shahtaj.mark.delivery.wizard.warehouse.acl,model_shahtaj_mark_delivery_wizard,group_shahtaj_warehouse_acl,1,1,1,1
access_shahtaj_mark_delivery_wizard_line_warehouse_acl,shahtaj.mark.delivery.wizard.line.warehouse.acl,model_shahtaj_mark_delivery_wizard_line,group_shahtaj_warehouse_acl,1,1,1,1
access_shahtaj_dm_pick_wizard_warehouse_acl,shahtaj.dm.pick.wizard.warehouse.acl,model_shahtaj_dm_pick_wizard,group_shahtaj_warehouse_acl,1,1,1,1
access_shahtaj_dm_pick_wizard_line_warehouse_acl,shahtaj.dm.pick.wizard.line.warehouse.acl,model_shahtaj_dm_pick_wizard_line,group_shahtaj_warehouse_acl,1,1,1,1
access_shahtaj_dm_deliver_wizard_warehouse_acl,shahtaj.dm.deliver.wizard.warehouse.acl,model_shahtaj_dm_deliver_wizard,group_shahtaj_warehouse_acl,1,1,1,1
access_shahtaj_dm_deliver_wizard_line_warehouse_acl,shahtaj.dm.deliver.wizard.line.warehouse.acl,model_shahtaj_dm_deliver_wizard_line,group_shahtaj_warehouse_acl,1,1,1,1
access_shahtaj_dm_day_session_warehouse_acl,shahtaj.dm.day.session.warehouse.acl,model_shahtaj_dm_day_session,group_shahtaj_warehouse_acl,1,1,1,1
access_shahtaj_delivery_man_hub_warehouse_acl,shahtaj.delivery.man.hub.warehouse.acl,model_shahtaj_delivery_man_hub,group_shahtaj_warehouse_acl,1,1,1,1
access_shahtaj_visit_day_progress_warehouse_acl,shahtaj.visit.day.progress.warehouse.acl,model_shahtaj_visit_day_progress,group_shahtaj_warehouse_acl,1,1,1,1
access_shahtaj_visit_day_progress_line_warehouse_acl,shahtaj.visit.day.progress.line.warehouse.acl,model_shahtaj_visit_day_progress_line,group_shahtaj_warehouse_acl,1,1,1,1
access_shahtaj_dm_walk_in_warehouse_acl,shahtaj.dm.walk.in.warehouse.acl,model_shahtaj_dm_walk_in,group_shahtaj_warehouse_acl,1,1,1,1
access_shahtaj_dm_walk_in_line_warehouse_acl,shahtaj.dm.walk.in.line.warehouse.acl,model_shahtaj_dm_walk_in_line,group_shahtaj_warehouse_acl,1,1,1,1
access_shahtaj_gps_attempt_warehouse_acl,shahtaj.gps.attempt.warehouse.acl,model_shahtaj_gps_attempt,group_shahtaj_warehouse_acl,1,0,0,0
access_shahtaj_visit_warehouse_acl,shahtaj.visit.warehouse.acl,model_shahtaj_visit,group_shahtaj_warehouse_acl,1,0,0,0
access_shahtaj_visit_line_warehouse_acl,shahtaj.visit.line.warehouse.acl,model_shahtaj_visit_line,group_shahtaj_warehouse_acl,1,0,0,0
access_product_pricelist_warehouse_acl,product.pricelist.warehouse.acl,product.model_product_pricelist,group_shahtaj_warehouse_acl,1,0,0,0
access_product_pricelist_item_warehouse_acl,product.pricelist.item.warehouse.acl,product.model_product_pricelist_item,group_shahtaj_warehouse_acl,1,0,0,0
access_account_move_shahtaj_warehouse_acl,account.move.shahtaj.warehouse.acl,account.model_account_move,group_shahtaj_warehouse_acl,1,0,0,0
access_account_move_line_shahtaj_warehouse_acl,account.move.line.shahtaj.warehouse.acl,account.model_account_move_line,group_shahtaj_warehouse_acl,1,0,0,0
